towN;genus;presence;N;N_km2;date;BAT;SLP;RGH;SUB;TFE;TEM;SAL;NIT;PHO;EKE
19;Scyliorhinus;0;0;0;18/06/2020;28,6;0,18969522;3;1;536,4560054;19,21296692;37,94803619;0,703471422;0,015999606;3,60E-05
82;Scyliorhinus;1;4;18,715;18/06/2020;129,5;1,935180128;60;1;203,7424442;13,59967518;38,39686966;2,670154333;0,15052408;1,39E-05
97;Scyliorhinus;0;0;0;18/06/2020;70,9;0,078981206;2;1;102,1358657;14,89375496;38,1721344;2,175141335;0,124205314;0,000175662
132;Scyliorhinus;1;5;45,743;18/06/2020;88,5;0,042738517;1;1;39,46431101;14,31130028;38,19809723;2,227069378;0,127857581;3,89E-05
150;Scyliorhinus;1;2;7,519;18/06/2020;367,8;3,544457897;53;1;166,0186682;13,56079865;38,61786652;4,983534813;0,250759512;5,26E-05
177;Scyliorhinus;0;0;0;18/06/2020;603,3;3,67170447;61;1;263,152488;13,43086243;38,59590149;5,062734127;0,254168749;6,01E-05
3;Scyliorhinus;0;0;0;22/06/2020;403,3;1,647064207;33;1;70,15875596;13,69682407;38,60995483;4,270645618;0,219126537;4,47E-05
65;Scyliorhinus;1;20;215,821;22/06/2020;105,6;2,153839065;38;1;106,9795563;13,74880409;38,64267731;4,642501354;0,235617965;3,31E-07
194;Scyliorhinus;1;4;31,848;22/06/2020;599,8;3,370779002;149;1;96,51488832;13,38363552;38,59395599;5,047811508;0,253465682;1,57E-05
50;Scyliorhinus;0;0;0;30/06/2020;475,7;4,373295259;305;1;567,783598;13,43071842;38,52441025;3,865289688;0,200538635;7,14E-05
54;Scyliorhinus;0;0;0;30/06/2020;106,1;0,831397919;7;4;28,26644444;13,8422966;38,31851196;2,462638378;0,144341514;0,000425801
106;Scyliorhinus;0;0;0;30/06/2020;387,7;1,87992969;16;1;133,9835554;13,5739069;38,57676315;4,415058613;0,225275159;1,46E-05
137;Scyliorhinus;0;0;0;30/06/2020;103,8;0,774853977;6;1;46,05047783;14,12756538;38,24702454;1,923128366;0,115469612;1,24E-05
151;Scyliorhinus;0;0;0;30/06/2020;299,1;4,373295259;141;1;567,783598;13,31086063;38,54359055;4,559555531;0,231764868;2,01E-05
185;Scyliorhinus;1;1;19,77;30/06/2020;548,6;2,275470801;73;1;203,4544463;13,64313412;38,64125824;4,867577553;0,245486811;2,21E-05
35;Scyliorhinus;0;0;0;14/07/2020;378;2,394713347;23;1;131,9033467;13,69723511;38,65019226;4,747533321;0,240176573;4,08E-06
72;Scyliorhinus;0;0;0;14/07/2020;94,1;0,510701079;4;4;111,9501778;14,19582558;38,24642181;1,582122087;0,102101751;0,000116447
112;Scyliorhinus;0;0;0;14/07/2020;524,3;3,249855005;98;1;651,941997;13,67574787;38,64274597;4,755986214;0,240429804;1,20E-06
18;Scyliorhinus;1;2;18,298;21/07/2020;434,4;2,745027228;56;1;217,6088901;13,16215706;38,52159119;4,68031168;0,236908555;8,35E-06
70;Scyliorhinus;0;0;0;21/07/2020;555,7;2,745027228;98;1;217,6088901;13,16215706;38,52159119;4,68031168;0,236908555;8,35E-06
119;Scyliorhinus;1;4;54,605;21/07/2020;121,2;0,20169106;3;1;116,8204445;14,07342052;38,28116608;2,270308733;0,140221193;0,000563159
154;Scyliorhinus;0;0;0;30/07/2020;127,5;0,855802073;6;2;112,8349774;13,78323269;38,31964111;2,350510597;0,144011781;2,26E-05
184;Scyliorhinus;0;0;0;30/07/2020;391,3;2,350185446;35;1;107,9625327;13,74033356;38,62526703;4,335710526;0,221304134;2,34E-05
30;Scyliorhinus;0;0;0;05/08/2020;493,7;4,373295259;211;1;311,56822;13,33617687;38,52443314;3,960059643;0,20435138;9,13E-05
81;Scyliorhinus;1;1;7,667;05/08/2020;103,2;0,774853977;6;1;46,05047783;14,36159134;38,24619293;1,635060787;0,107844979;0,000896643
83;Scyliorhinus;1;6;29,924;05/08/2020;298,6;5,42458271;101;1;567,783598;13,24244499;38,53248215;4,533538818;0,230107784;6,78E-05
41;Scyliorhinus;0;0;0;13/08/2020;56,6;0,225386626;2;1;162,718889;15,57140255;38,18860245;0,823284149;0,038840562;2,66E-05
78;Scyliorhinus;0;0;0;13/08/2020;65;0,135733229;2;1;150,3386226;14,20343208;38,27932739;1,006206632;0,06840682;3,82E-05
170;Scyliorhinus;0;0;0;13/08/2020;24,3;0,33599684;9;1;520,7659804;17,61883354;38,09777451;0,690179408;0,021974353;1,01E-06
49;Scyliorhinus;1;6;42,76;18/08/2020;595,2;3,370779002;149;1;96,51488832;13,19303989;38,55062103;5,118353367;0,256452352;3,91E-05
96;Scyliorhinus;1;6;32,984;18/08/2020;381,9;1,647064207;35;1;147,4292888;13,6361475;38,60442352;4,328577042;0,222326741;1,04E-05
128;Scyliorhinus;1;80;639,949;18/08/2020;76,9;1,485047313;11;1;59,93168828;13,99991417;38,3217392;1,233302593;0,087289639;5,44E-05
60;Scyliorhinus;0;0;0;26/08/2020;405;3,256101516;138;2;9,589644544;13,74003696;38,55363846;3,784468651;0,202748328;6,44E-05
7;Scyliorhinus;0;0;0;16/09/2020;564,8;2,759488623;76;1;263,152488;13,50420666;38,61206436;4,970205784;0,249910384;4,44E-05
51;Scyliorhinus;0;0;0;16/09/2020;69;0,078981206;2;1;136,6676015;15,96490097;38,15925217;0,802157819;0,042726524;9,78E-06
79;Scyliorhinus;0;0;0;16/09/2020;29,1;0,18969522;4;1;548,7813779;22,19565582;38,04374313;0,643120706;0,009065153;0,000132063
105;Scyliorhinus;0;0;0;16/09/2020;100,1;2,540356385;12;4;94,00248965;14,29022598;38,26638412;2,008266926;0,131588832;3,49E-05
120;Scyliorhinus;1;10;84,865;16/09/2020;86,9;0,042738517;1;1;39,46431101;14,74817657;38,26139069;0,878762662;0,060911;6,57E-05
140;Scyliorhinus;1;1;14,283;16/09/2020;308,5;3,901780366;223;1;155,7075556;13,43040276;38,598629;4,991652966;0,250760466;7,10E-06
157;Scyliorhinus;1;1;3,121;16/09/2020;369,8;3,67170447;62;1;288,9542221;13,53092957;38,61638641;4,981479168;0,250391454;2,25E-05
158;Scyliorhinus;0;0;0;16/09/2020;123,4;1,935180128;60;1;203,7424442;13,67460537;38,40038681;3,13265276;0,180973992;1,08E-05
5;Scyliorhinus;0;0;0;28/10/2020;551,6;3,242815806;162;1;672,576672;13,32177925;38,56183243;5,037142754;0,252710283;1,86E-05
37;Scyliorhinus;1;6;37,257;28/10/2020;135,6;0,286843704;3;1;66,71204483;14,04768276;38,33757782;3,4645226;0,200972334;3,29E-05
71;Scyliorhinus;1;1;4,364;28/10/2020;421,5;2,745027228;58;1;217,6088901;13,2946806;38,55047607;4,865697861;0,244745374;1,52E-05
98;Scyliorhinus;0;0;0;28/10/2020;562,1;2,545229793;80;1;226,4291016;13,2946806;38,55047607;4,865697861;0,244745374;1,52E-05
135;Scyliorhinus;0;0;0;28/10/2020;95,4;0,510701079;7;4;111,9501778;14,921525;38,20752335;1,924994469;0,123050518;4,54E-05
180;Scyliorhinus;0;0;0;28/10/2020;366,3;2,268940308;18;1;131,9033467;13,4299736;38,56317139;4,843988419;0,244996265;0,000187305
109;Scyliorhinus;0;0;0;11/11/2020;103,2;0,774853977;6;1;46,05047783;15,30552006;38,20154572;1,438798785;0,079661451;0,000317966
127;Scyliorhinus;1;14;67,174;11/11/2020;294,7;5,42458271;101;1;567,783598;13,40979767;38,56457138;4,618094444;0,233781159;3,83E-05
138;Scyliorhinus;0;0;0;11/11/2020;472,2;4,373295259;211;1;311,56822;13,51848316;38,55771255;4,366521358;0,224520415;3,95E-05
53;Scyliorhinus;0;0;0;12/11/2020;83,4;0,09677699;1;1;189,7593765;15,03374577;38,19669724;1,681892514;0,110437296;0,001203568
162;Scyliorhinus;0;0;0;12/11/2020;60,2;0,197386401;2;1;174,2635547;17,18375969;38,14109039;0,882809162;0,043691669;0,000155059
174;Scyliorhinus;0;0;0;12/11/2020;402,6;3,256101516;138;2;9,589644544;13,69308376;38,47726059;4,103704453;0,219655275;3,96E-05
178;Scyliorhinus;0;0;0;12/11/2020;34,3;0,33599684;15;1;520,7659804;18,36055756;38,06108093;2,270933867;0,042217441;8,59E-05
45;Scyliorhinus;1;4;33,441;18/11/2020;160,9;1,549387181;24;2;155,3579546;13,7945013;38,37215042;3,481188774;0,20058246;6,80E-05
107;Scyliorhinus;0;0;0;18/11/2020;365,1;2,453659017;41;1;107,9625327;13,65651894;38,54963684;4,451702118;0,231226489;3,43E-07
179;Scyliorhinus;1;3;16,444;18/11/2020;596,1;2,751983486;51;1;103,4471118;13,39443779;38,59212112;5,017064095;0,25192222;1,71E-05
86;Scyliorhinus;1;49;393,757;24/11/2020;100,2;1,485047313;11;1;59,93168828;14,66728687;38,16972351;2,657739401;0,159841597;0,000158816
141;Scyliorhinus;1;10;56,967;24/11/2020;574,4;3,008630221;41;1;180,6177772;13,421381;38,58395767;4,863422871;0,245687485;0,000132171
189;Scyliorhinus;1;6;31,046;24/11/2020;385,3;1,647064207;30;1;118,2809771;13,53796291;38,57436752;4,55056715;0,233760789;3,16E-05
64;Scyliorhinus;0;0;0;02/12/2020;62;0,185649971;4;1;21,64666664;17,6200676;38,17150879;0,758791924;0,027035125;4,36E-05
143;Scyliorhinus;1;3;15,87680692;02/12/2020;54,7;0,142435496;4;2;18,18466674;17,24149323;38,19126892;0,815147102;0,036322415;7,70E-05
153;Scyliorhinus;1;13;65,59732398;02/12/2020;65,3;0,18952037;4;1;27,78711104;17,10594368;38,2013588;0,828088045;0,037856538;0,000625632
161;Scyliorhinus;1;3;11,01503067;02/12/2020;69,5;0,182851384;3;1;18,89431124;17,09805298;38,20363617;0,818232298;0,038262244;0,000390502
57;Scyliorhinus;1;26;40,96312026;03/12/2020;320,4;3,207809696;174;1;186,5418221;13,6193819;38,59487915;4,653739452;0,236184672;3,29E-05
121;Scyliorhinus;1;11;14,56676314;03/12/2020;124,3;0,614019913;12;1;154,1566673;14,11157894;38,28505325;2,731186867;0,164511532;0,000206019
42;Scyliorhinus;1;4;17,665;15/12/2020;128,4;1,935180128;45;1;203,7424442;13,80590343;38,40921783;3,786609411;0,209927127;6,40E-05
92;Scyliorhinus;1;2;4,905;15/12/2020;552,6;3,67170447;60;1;263,152488;13,3612051;38,58350754;4,959506989;0,249555543;0,000156098
173;Scyliorhinus;1;1;5,541;15/12/2020;207,4;3,67170447;62;1;263,152488;13,44619465;38,5873909;4,825754166;0,24408102;1,91E-05
17;Scyliorhinus;1;2;24,509;17/12/2020;539,5;3,955692029;80;1;189,6929786;13,48344326;38,56745529;4,550583839;0,231685042;7,00E-05
91;Scyliorhinus;0;0;0;17/12/2020;397,5;1,87992969;18;1;145,1823563;13,45128727;38,56824112;4,578931332;0,233375937;1,17E-06
122;Scyliorhinus;0;0;0;17/12/2020;108,4;0,831397919;8;4;28,26644444;14,88532352;38,16446686;1,690111756;0,08868967;0,001631378
34;Scyliorhinus;0;0;0;22/12/2020;74,6;0,078981206;2;1;114,8090217;16,13130188;38,03110886;1,503159165;0,03953518;0,000460742
171;Scyliorhinus;0;0;0;22/12/2020;27,4;0,18969522;3;1;536,4560054;15,15491676;37,7938118;1,966822982;0,031842403;0,000344037
190;Scyliorhinus;1;16;147,112;22/12/2020;89,8;0,042738517;0;1;39,46431101;15,14116192;38,14476013;2,237498999;0,126354009;0,000547072
23;Scyliorhinus;0;0;0;13/01/2021;484,6;3,249855005;135;1;312,6324497;13,63361549;38,56338882;4,510619164;0,233393461;8,75E-06
28;Scyliorhinus;0;0;0;13/01/2021;94,9;0,510701079;4;4;111,9501778;13,72200775;38,10062027;1,551901102;0,076177664;0,004492148
133;Scyliorhinus;1;2;13,63342687;13/01/2021;360;2,268940308;27;1;131,9033467;13,68301964;38,56228638;4,467349529;0,232051104;0,000176925
24;Scyliorhinus;1;6;50,557;19/01/2021;147,7;0,855802073;16;2;112,8349774;13,77954865;38,13454819;1,915889025;0,09504009;0,000286593
94;Scyliorhinus;1;3;15,919;19/01/2021;538,9;3,04592221;40;1;103,4471118;13,50001431;38,57881165;4,733263493;0,240499556;6,72E-05
191;Scyliorhinus;1;2;11,568;19/01/2021;337,7;2,453659017;47;1;107,9625327;13,68141747;38,53530121;4,334480286;0,227611199;5,25E-05
104;Scyliorhinus;1;56;370,266;27/01/2021;130,2;0,20169106;3;1;116,8204445;13,50083637;38,15582657;2,008127928;0,101977035;0,000524304
118;Scyliorhinus;1;22;121,407;27/01/2021;583;2,596884859;118;1;113,1267994;13,09269238;38,52233887;5,152217865;0,257815003;4,33E-06
124;Scyliorhinus;1;8;34,88;27/01/2021;443,2;2,694675294;41;1;124,397822;13,23210526;38,54967499;5,024718761;0,252138913;1,13E-05
58;Scyliorhinus;1;6;36,695;18/02/2021;77,7;0,197386401;7;1;174,2635547;13,48419476;38,06805801;2,858315468;0,100514434;0,000516265
77;Scyliorhinus;1;2;12,102;18/02/2021;96,9;0,128169333;1;1;190,8986664;13,45933437;38,07444382;2,391220808;0,090801939;0,00037455
95;Scyliorhinus;0;0;0;18/02/2021;23,5;0,33599684;12;1;520,7659804;13,5141573;38,03263855;3,749403715;0,11778862;6,05E-05
15;Scyliorhinus;1;9;12,26130485;25/02/2021;376;2,84663304;136;1;216,2143994;13,58803368;38,59469223;4,866571903;0,246330813;5,08E-05
102;Scyliorhinus;1;51;62,55746701;25/02/2021;174,3;2,314101943;57;1;203,9084439;13,7073307;38,53167725;4,077056885;0,212519109;0,000596383
144;Scyliorhinus;1;53;186,2471119;05/03/2021;74,5;0,185726681;3;2;16,74644433;13,48927402;38,19730759;0,895472288;0,034398127;0,000401186
164;Scyliorhinus;1;29;112,3797577;05/03/2021;65,8;0,142435496;3;2;18,18466674;13,34998226;38,13757706;0,821696341;0,025981009;0,000462806
181;Scyliorhinus;1;34;118,2717842;05/03/2021;77,5;0,185726681;3;2;18,89431124;13,48927402;38,19730759;0,895472288;0,034398127;0,000401186
29;Scyliorhinus;0;0;0;10/03/2021;620;3,372072844;108;1;20,51354284;13,63400936;38,42940521;3,635928392;0,1900644;4,18E-06
46;Scyliorhinus;0;0;0;10/03/2021;620,6;3,372072844;93;1;20,51354284;13,43081093;38,58870697;4,884123325;0,246136129;1,00E-07
165;Scyliorhinus;0;0;0;10/03/2021;592,2;3,243611447;72;1;25,97425393;13,43081093;38,58870697;4,884123325;0,246136129;1,00E-07
11;Scyliorhinus;1;12;125,368;11/03/2021;83;0,041335691;1;2;38,52817763;13,63252068;38,1804657;1,718955278;0,078985564;9,33E-05
73;Scyliorhinus;0;0;0;11/03/2021;66,2;0,078981206;2;1;114,8090217;13,54978466;38,12921524;1,31180501;0,046139877;0,000128909
183;Scyliorhinus;0;0;0;11/03/2021;31,2;0,186488487;6;1;548,7813779;13,59051704;38,03429794;1,481869698;0,040972203;6,95E-05
12;Scyliorhinus;0;0;0;16/03/2021;568,8;2,759488623;76;1;263,152488;13,52104187;38,57024384;4,512768745;0,22975947;0,001095741
14;Scyliorhinus;1;2;8,299;16/03/2021;378,3;3,67170447;64;1;263,152488;13,53086281;38,57034683;4,558260441;0,232084587;5,81E-05
89;Scyliorhinus;1;6;35,61;16/03/2021;140,3;1,826699782;30;1;203,7424442;13,47826862;38,31253815;2,501422882;0,130937457;3,89E-06
56;Scyliorhinus;1;15;115,574;24/03/2021;103,5;0,774853977;6;1;46,05047783;13,13323498;38,13518524;1,753591061;0,07402651;2,93E-05
90;Scyliorhinus;0;0;0;24/03/2021;530,3;4,373295259;305;1;567,783598;13,56655502;38,5941391;4,763307571;0,241281539;0,000355489
146;Scyliorhinus;1;16;80,849;24/03/2021;301,5;5,42458271;101;1;567,783598;13,53105068;38,61057663;4,956913471;0,249820352;2,69E-05
16;Scyliorhinus;1;60;439,3612303;25/03/2021;105,6;1,485047313;12;1;59,93168828;13,28741741;38,30245972;1,772271514;0,079991981;0,002182376
47;Scyliorhinus;0;0;0;25/03/2021;623,3;2,675067032;52;1;123,087377;13,14748001;38,54314423;4,928603649;0,24842909;5,00E-05
159;Scyliorhinus;0;0;0;25/03/2021;424,6;2,326876676;32;1;70,15875596;13,35842514;38,55094147;4,680280209;0,237315685;0,000423913
111;Scyliorhinus;0;0;0;30/03/2021;402,3;2,275470801;115;1;265,5956443;13,4740696;38,22175598;2,277055025;0,109947339;0,000146484
115;Scyliorhinus;1;3;45,80755513;30/03/2021;538,9;3,637232208;101;1;203,4544463;13,48504353;38,60488892;4,5958848;0,233574361;0,000133402
172;Scyliorhinus;0;0;0;30/03/2021;104,2;5,086479302;54;4;145,8138668;13,50106621;38,24897766;1,958433032;0,090568006;0,000612255
175;Scyliorhinus;0;0;0;30/03/2021;648,75;1,701986661;53;1;21,93577732;13,34619713;38,57431412;5,03684473;0,252857834;0,000260336
126;Scyliorhinus;1;2;1,796765575;08/04/2021;371,5;2,333802823;45;1;62,75893246;13,66364193;38,54521942;4,153653622;0,214581653;0,00014023
114;Scyliorhinus;0;0;0;15/04/2021;328,72;2,881268821;84;1;108,5967996;13,61186123;38,58768463;4,422634602;0,226107046;7,42E-05
176;Scyliorhinus;0;0;0;15/04/2021;587,5;2,443628713;53;1;55,4353334;13,43241215;38,59022522;4,688836098;0,237872079;7,21E-05
26;Scyliorhinus;0;0;0;20/04/2021;566,6;2,545229793;66;1;226,4291016;13,60880756;38,635746;4,791718483;0,241945818;2,58E-06
101;Scyliorhinus;1;20;129,659;20/04/2021;132,3;0,252267459;4;1;87,48284444;13,22535896;38,13245773;1,901328564;0,096481591;1,38E-06
149;Scyliorhinus;1;2;8,204;20/04/2021;421,5;2,745027228;58;1;217,6088901;13,60880756;38,635746;4,791718483;0,241945818;2,58E-06
123;Scyliorhinus;1;8;20,28006774;21/04/2021;180,57;1,101881417;27;1;71,90408849;13,60652065;38,40603256;3,741181612;0,194767475;5,18E-05
152;Scyliorhinus;1;25;46,70305444;21/04/2021;88,43;1,101881417;27;1;71,90408849;13,60652065;38,40603256;3,741181612;0,194767475;5,18E-05
103;Scyliorhinus;1;6;8,089146582;27/04/2021;330;2,317800058;95;1;143,1143551;13,57368755;38,45330048;3,459422112;0,179054126;0,000737204
182;Scyliorhinus;0;0;0;27/04/2021;305,1;2,881268821;86;1;108,5967996;13,57368755;38,45330048;3,459422112;0,179054126;0,000737204
31;Scyliorhinus;0;0;0;29/04/2021;103,2;0,618928505;12;4;64,39719971;13,59406376;38,22602081;1,40302825;0,073203437;0,000637863
75;Scyliorhinus;0;0;0;29/04/2021;392,3;2,268940308;26;1;147,5404683;13,54282856;38,6086731;4,419715881;0,225313827;8,25E-05
130;Scyliorhinus;0;0;0;29/04/2021;609,9;2,751983486;39;1;58,13835605;13,27795219;38,57248306;5,028833389;0,252481222;0,000426145
145;Scyliorhinus;0;0;0;29/04/2021;685,2;3,32689828;113;1;99,5325344;13,41927052;38,593853;4,761258602;0,240791455;0,000162869
163;Scyliorhinus;1;4;21,16;29/04/2021;292,1;2,453659017;60;1;107,9625327;13,30351543;38,46276093;3,411505938;0,176391497;0,000102746
187;Scyliorhinus;1;2;13,48373087;29/04/2021;129,8;0,855802073;6;2;112,8349774;13,56357193;38,27690887;2,003543377;0,113135859;0,000268543
10;Scyliorhinus;0;0;0;12/05/2021;598;3,372072844;108;1;20,51354284;13,61611557;38,53497696;4,090906143;0,209835336;7,99E-05
80;Scyliorhinus;0;0;0;12/05/2021;32,7;0,186488487;6;1;548,7813779;14,82121372;38,07926559;0,705726624;0,032757904;2,28E-05
85;Scyliorhinus;1;6;65,192;12/05/2021;88,5;0,041335691;1;1;38,52817763;13,72065735;38,25023651;1,654916644;0,097634569;7,34E-06
148;Scyliorhinus;0;0;0;12/05/2021;601,5;3,243611447;71;1;25,97425393;13,24066353;38,55289459;4,864909172;0,245040312;0,000102627
167;Scyliorhinus;0;0;0;12/05/2021;71,4;0,078981206;2;1;136,6676015;13,92216396;38,14701843;1,641692758;0,089276023;4,28E-05
36;Scyliorhinus;1;58;202,3093966;13/05/2021;63,4;0,158126481;3;2;18,92955556;14,04633713;38,15899658;1,261253834;0,081847548;0,000210036
63;Scyliorhinus;1;9;34,8989661;13/05/2021;63,5;0,182851384;3;1;18,89431124;13,95081806;38,17356873;1,444729805;0,093284331;0,000125916
27;Scyliorhinus;1;68;532,089;19/05/2021;110,6;1,485047313;18;1;59,93168828;13,7759676;38,23764038;1,728012681;0,099606983;8,89E-05
55;Scyliorhinus;1;1;5,743;19/05/2021;355,7;1,60615799;29;1;147,4292888;13,68094826;38,60260391;4,206958294;0,215468332;1,47E-05
69;Scyliorhinus;0;0;0;19/05/2021;637,6;2,675067032;54;1;123,087377;13,39036179;38,5950737;4,838339806;0,243978679;0,000167296
6;Scyliorhinus;0;0;0;27/05/2021;127;1,878232977;3;1;375,1976869;13,58859634;38,24251938;2,777643204;0,15158686;7,92E-05
84;Scyliorhinus;0;0;0;27/05/2021;578;3,27310028;294;1;821,9249613;13,68860149;38,60640717;4,313549042;0,21940437;6,58E-06
129;Scyliorhinus;1;9;12,59921047;27/05/2021;147,2;1,714631905;11;1;208,3180011;13,66245461;38,30010605;2,909604073;0,156783924;3,95E-05
147;Scyliorhinus;0;0;0;27/05/2021;293,8;5,42458271;101;1;567,783598;13,6235714;38,62159348;4,588537216;0,23218447;2,93E-06
169;Scyliorhinus;1;22;25,30715;27/05/2021;132,87;1,714631905;18;1;192,2199579;13,63055134;38,32335281;2,982334137;0,159535974;1,22E-05
117;Scyliorhinus;1;87;1458,019838;09/06/2021;134;0,70163387;5;4;9,928750014;13,61111164;38,22124863;2,334383249;0,133622125;5,07E-05
156;Scyliorhinus;1;4;156,083;09/06/2021;535,8;3,955692029;93;1;189,6929786;13,63728809;38,62694168;4,462444782;0,226804942;8,99E-05
186;Scyliorhinus;1;12;148,902;09/06/2021;347,5;1,38782879;83;1;81,69826649;13,64084911;38,36769867;3,549237251;0,184929833;2,58E-06
1;Scyliorhinus;1;600;1469,270213;22/06/2021;123,34;0,41861732;5;2;7,820000044;13,71246624;38,27879715;2,725987196;0,153234065;0,000173407
39;Scyliorhinus;1;97;250,8420016;22/06/2021;125,3;1,411472992;6;2;11,01928883;13,71246624;38,27879715;2,725987196;0,153234065;0,000173407
59;Scyliorhinus;0;0;0;23/06/2021;600;3,243611447;72;1;25,97425393;13,32010365;38,57269669;4,768486977;0,240679651;2,16E-05
93;Scyliorhinus;0;0;0;23/06/2021;668,4;3,243611447;72;1;25,97425393;13,32010365;38,57269669;4,768486977;0,240679651;2,16E-05
99;Scyliorhinus;0;0;0;23/06/2021;542,8;3,372072844;108;1;20,51354284;13,61206245;38,53443146;4,156833649;0,212514162;1,33E-06
113;Scyliorhinus;0;0;0;23/06/2021;613,4;3,372072844;84;1;20,51354284;13,32010365;38,57269669;4,768486977;0,240679651;2,16E-05
76;Scyliorhinus;1;6;21,99871608;30/06/2021;382,2;3,67170447;67;1;263,152488;13,35934353;38,58354187;4,736868382;0,239157945;5,78E-05
139;Scyliorhinus;1;9;68,77063023;30/06/2021;128,4;1,935180128;59;1;203,7424442;13,61980438;38,34228897;3,064086199;0,166420117;0,000226675
188;Scyliorhinus;0;0;0;30/06/2021;570,9;3,67170447;54;1;288,9542221;13,35934353;38,58354187;4,736868382;0,239157945;5,78E-05
22;Scyliorhinus;0;0;0;08/07/2021;334,9;6,44569081;176;1;55,52626597;13,68455887;38,52502823;4,693570614;0,24327673;0,000175112
44;Scyliorhinus;1;8;16,36232738;08/07/2021;173,3;6,799344739;26;1;107,0512219;13,66470146;38,29627609;4,080235958;0,232177079;9,33E-05
74;Scyliorhinus;0;0;0;08/07/2021;337;6,44569081;176;1;55,52626597;13,68455887;38,52502823;4,693570614;0,24327673;0,000175112
108;Scyliorhinus;1;17;30,80083772;08/07/2021;176,31;6,799344739;30;1;107,0512219;13,62623024;38,34716034;4,201683998;0,22854504;0,000199709
68;Scyliorhinus;0;0;0;14/07/2021;97,4;0,510701079;7;4;111,9501778;14,06842613;38,16303253;1,56865263;0,103503071;8,12E-05
160;Scyliorhinus;0;0;0;14/07/2021;542,7;3,242815806;145;1;672,576672;13,53203106;38,62300491;4,85613203;0,244364589;3,15E-05
193;Scyliorhinus;0;0;0;14/07/2021;409,9;2,394713347;30;1;131,9033467;13,73447704;38,6547966;4,592354298;0,232320398;0,000100416
134;Scyliorhinus;1;24;158,053893;22/07/2021;130,4;0,252267459;4;1;87,48284444;13,72981071;38,39344788;3,449137926;0,190260887;2,29E-05
136;Scyliorhinus;0;0;0;22/07/2021;552,9;2,745027228;89;1;217,6088901;13,66890049;38,66181183;4,675310135;0,236233175;5,72E-06
142;Scyliorhinus;0;0;0;22/07/2021;447,4;2,745027228;54;1;217,6088901;13,66890049;38,66181183;4,675310135;0,236233175;5,72E-06
110;Scyliorhinus;1;11;16,63732448;26/07/2021;157,37;1,101881417;17;1;71,90408849;13,6287365;38,35764694;3,913386106;0,222666159;3,08E-05
155;Scyliorhinus;0;0;0;27/07/2021;672,78;2,24352338;60;1;78,39000151;13,27359486;38,56325912;5,139594555;0,256601781;0,000166013
38;Scyliorhinus;1;28;190,294;28/07/2021;173,7;1,07104434;17;1;136,6913344;13,64711285;38,37503052;3,23824501;0,175232545;1,82E-06
67;Scyliorhinus;1;2;10,15773335;28/07/2021;375,7;2,453659017;29;1;107,9625327;13,60063553;38,58581543;4,098760605;0,210608587;2,82E-07
100;Scyliorhinus;0;0;0;28/07/2021;545,3;3,04592221;40;1;103,4471118;13,46848011;38,59621811;4,496370316;0,228030145;3,54E-06
4;Scyliorhinus;1;25;30,39206899;29/07/2021;128,71;1,857591756;34;1;207,3189783;13,65221596;38,51383972;4,279252529;0,219027981;8,93E-10
125;Scyliorhinus;1;1;1,579531391;02/08/2021;475;2,84663304;102;1;216,2143994;13,440135;38,58507919;4,901005745;0,246731803;1,23E-06
131;Scyliorhinus;1;2;3,279172676;02/08/2021;561,75;2,7901846;62;1;169,4286217;13,33311558;38,57034302;4,908473492;0,246779561;1,72E-06
168;Scyliorhinus;1;8;131,2370914;05/10/2021;432;8,121639093;256;1;5,565571461;13,57494164;38,62186813;5,146145821;0,258642823;0,001092476
33;Scyliorhinus;1;22;51,2480842;06/10/2021;529,6;5,101465845;66;2;270,7620024;13,61770248;38,62511063;5,156933784;0,259286523;0,000172173
166;Scyliorhinus;1;7;13,03344008;06/10/2021;534;5,831872178;93;1;206,2986626;13,75613499;38,59819031;5,065681458;0,256415159;9,33E-05
32;Scyliorhinus;0;0;0;27/10/2021;592,2;3,243611447;72;1;25,97425393;13,2938652;38,56541443;4,829983711;0,242833108;7,25E-06
116;Scyliorhinus;0;0;0;27/10/2021;592,2;3,243611447;71;1;25,97425393;13,2938652;38,56541443;4,829983711;0,242833108;7,25E-06
2;Scyliorhinus;1;30;55,72309633;29/10/2021;191;5,178542887;71;1;179,2403561;13,7327404;38,66304779;5,133205891;0,2600618;4,86E-05
43;Scyliorhinus;1;71;144,0209363;29/10/2021;195,67;2,26095262;24;1;81,54444402;13,72322178;38,51618195;4,995835781;0,259093195;8,21E-05
21;Scyliorhinus;1;15;31,39225337;19/11/2021;595,14;2,7901846;74;1;216,2143994;13,51832771;38,58197403;4,889162064;0,246132404;3,91E-06
192;Scyliorhinus;1;17;39,16472644;19/11/2021;585,37;2,847900463;97;1;177,2155562;13,6730299;38,53083801;4,54537487;0,232753068;0,000128503
48;Scyliorhinus;0;0;0;01/12/2021;578,71;1,442070989;25;1;66,4997786;13,44726181;38,59135056;4,916674614;0,247685447;0,000210863
13;Scyliorhinus;1;1;1,944600116;15/12/2021;423,6;2,910998046;42;1;76,95128837;13,48209858;38,58905792;4,936564922;0,24821867;0,000294904
52;Scyliorhinus;0;0;0;15/12/2021;328,83;2,384663355;36;1;28,92155542;13,62064171;38,460186;4,605351448;0,242460459;0,000874513
61;Scyliorhinus;1;29;98,32808352;16/12/2021;73,125;0,703285091;4;1;64,38044391;14,29869175;38,26421356;3,058472157;0,192220047;0,000109419
66;Scyliorhinus;1;26;55,67580483;16/12/2021;119,28;0,2183278;4;1;110,0504444;15,11197281;37,89274216;3,053378582;0,201252013;0,001256338
25;Scyliorhinus;1;16;24,52433143;12/01/2022;331,83;1,845377942;77;1;58,04857805;13,67976189;38,52212143;4,890031338;0,248723969;2,44E-05
88;Scyliorhinus;1;11;19,78000687;12/01/2022;320,34;1,743005672;46;1;72,7784445;13,66268444;38,53859329;4,920724869;0,248752773;0,00021765
9;Scyliorhinus;1;9;19,15495164;13/01/2022;67,17;0,211798309;4;1;136,9126672;15,15113449;37,93033218;3,267913818;0,203459442;0,000112335
62;Scyliorhinus;1;36;110,0081773;13/01/2022;105;0,273744013;7;1;79,68711056;14,58228874;38,22765732;3,385849237;0,199086845;0,000315597
20;Scyliorhinus;0;0;0;14/01/2022;621,1;1,602253155;25;1;26,83288905;13,34323692;38,56919479;5,006203651;0,250624985;4,39E-05
8;Scyliorhinus;1;6;48,11305722;21/01/2022;257,25;7,556412139;248;1;258,2121785;13,83422661;38,39120102;4,630954266;0,250598401;1,94E-06
87;Scyliorhinus;1;38;88,40081054;21/01/2022;113,3;6,276712098;16;1;163,5737543;14,15837765;38,25069809;4,286019802;0,242240027;4,55E-05
40;Scyliorhinus;0;0;0;27/01/2022;537;2,443628713;72;1;55,4353334;13,39766884;38,58081818;4,733102798;0,238534033;2,86E-05
